epoch,lr,train_loss,train_acc,val_loss,val_acc,val_macro_auc,val_macro_f1,val_balanced_acc,epoch_seconds
1,0.001,1.5061324614065665,0.6312210648148148,0.9275885075330734,0.6660019940179461,0.8838301413025398,0.353009542321107,0.4178107764758819,68.87126231193542
2,0.0009997532801828658,1.2846693816008392,0.6495949074074074,0.9262753799557686,0.6889332003988036,0.883189533389063,0.3684886767684906,0.4352838102252622,73.63654446601868
3,0.0009990133642141358,1.2139595139909674,0.6478587962962963,0.8745732605457306,0.6959122632103689,0.8966431038413211,0.39130177511639047,0.42355016336280965,74.47744750976562
4,0.00099778098230154,1.1801710515110582,0.6630497685185185,0.980623796582222,0.6470588235294118,0.8920802372608149,0.3812924046642726,0.48213561761571133,74.82084131240845
5,0.000996057350657239,1.1344824510592002,0.6723090277777778,0.9645820260047913,0.6271186440677966,0.8956492706079876,0.3789905126826975,0.506450355981972,74.27614068984985
6,0.0009938441702975688,1.106495781077279,0.6840277777777778,0.8273744210600853,0.6899302093718843,0.9059800719936597,0.45356983493790315,0.5151474893863652,74.45344138145447
7,0.0009911436253643444,1.095411796260763,0.6809895833333334,0.8256646767258644,0.6919242273180458,0.9066962782982,0.4332728904409068,0.5084120112223156,74.3659508228302
8,0.0009879583809693736,1.0828547422532682,0.6876446759259259,0.742081381380558,0.7467597208374875,0.9261548615966391,0.509123769658341,0.5561989458944963,74.5779595375061
9,0.0009842915805643154,1.0578300853570302,0.6895254629629629,0.7784440219402313,0.7248255234297108,0.9150068601443273,0.4136399380179095,0.43853141710284566,74.41020965576172
10,0.0009801468428384714,1.064002197097849,0.6970486111111112,0.7691187188029289,0.7298105682951147,0.9223734680670725,0.5037367062459098,0.5407059014787352,74.4179196357727
11,0.0009755282581475767,1.0236995297449607,0.6938657407407407,0.835515484213829,0.6640079760717846,0.9225889190202012,0.48022303009821027,0.5468435935649051,74.39586162567139
12,0.0009704403844771127,1.036252447852382,0.7029803240740741,0.8251539245247841,0.7038883349950149,0.9203713622515206,0.45558866348173405,0.5510911098733112,74.57485914230347
13,0.0009648882429441257,1.024829035555875,0.7051504629629629,0.7207555770874023,0.748753738783649,0.9279213835032695,0.5208527380808669,0.5468945173863207,74.2511215209961
14,0.0009588773128419905,1.0044048947316628,0.7024016203703703,0.7197305411100388,0.7437686939182453,0.9275424016852686,0.5331919999967999,0.5340849921646174,74.51188230514526
15,0.0009524135262330098,0.9996475643581815,0.7039930555555556,1.200230859220028,0.5493519441674976,0.8959975753455681,0.3463570094973661,0.5299516157829975,74.23077940940857
16,0.0009455032620941839,1.0233552466939997,0.6921296296296297,0.9735448434948921,0.6450648055832503,0.9094389242144677,0.4525689802080667,0.563004198367196,73.79219555854797
17,0.0009381533400219318,0.9871652236691227,0.71484375,0.7531346380710602,0.7138584247258225,0.9281413457604965,0.5087755311479436,0.5551447244655675,73.63930034637451
18,0.0009303710135019719,0.990407344367769,0.7013888888888888,0.7629316449165344,0.7128614157527418,0.9260907378043086,0.5033431537577804,0.5661777975595306,73.69349837303162
19,0.0009221639627510076,0.974884784883923,0.7083333333333334,0.7626617327332497,0.7178464606181456,0.9231253001375477,0.49291744917756153,0.510773987706072,73.72289109230042
20,0.000913540287137281,0.9699828128019968,0.7123842592592593,0.9511391147971153,0.634097706879362,0.9106915184505996,0.43543657397409624,0.551416547669475,73.4230227470398
21,0.0009045084971874739,0.9659365128587794,0.7161458333333334,0.6997068822383881,0.7587238285144566,0.9261475805929951,0.5322980803459928,0.5369357903315749,73.46335625648499
22,0.0008950775061878452,0.969389279683431,0.7109375,0.8521445542573929,0.6779661016949152,0.9155434412522091,0.4709096097794873,0.5472593370719834,73.50584840774536
23,0.0008852566213878947,0.9674894688306032,0.7135416666666666,0.7886086478829384,0.7208374875373879,0.921384171248976,0.491386462675448,0.5901708498898195,73.74991512298584
24,0.0008750555348152298,0.9447404245535532,0.7168692129629629,0.747733011841774,0.7268195413758723,0.9241083898105673,0.5128685457971419,0.5409830870018224,73.66074061393738
25,0.0008644843137107057,0.9440438758443903,0.7206307870370371,1.0544443503022194,0.613160518444666,0.9057070572245305,0.40301345544715844,0.5749210828836121,73.56396412849426
26,0.0008535533905932737,0.9576882664804105,0.7102141203703703,0.9647032245993614,0.6520438683948155,0.915261129257684,0.4172536075586639,0.5745880540962508,74.31141519546509
27,0.0008422735529643444,0.9349348269127034,0.7206307870370371,0.8011029288172722,0.6949152542372882,0.9254223012921139,0.513872178302232,0.5990205471470107,74.20711970329285
28,0.0008306559326618259,0.9311695551430738,0.7174479166666666,0.8797550201416016,0.6281156530408774,0.9200724366095118,0.458126923173677,0.5659286343127092,74.76716446876526
29,0.0008187119948743449,0.9408672540276138,0.7178819444444444,0.7738791108131409,0.7128614157527418,0.9291315073463888,0.5221592716955907,0.5785379051187014,74.41074848175049
30,0.0008064535268264883,0.9138047893842062,0.7207754629629629,0.9316031783819199,0.6370887337986042,0.91901231821025,0.45324457874986634,0.5796649760349996,74.12855243682861
31,0.0007938926261462367,0.9143797920809852,0.7232349537037037,0.7822271808981895,0.7088733798604188,0.9252504195912677,0.4806742702785161,0.5660285122814397,74.15147948265076
32,0.0007810416889260654,0.9120040966404809,0.7197627314814815,0.742356076836586,0.7278165503489531,0.9188518697648149,0.4471493062105876,0.49145786066160774,74.26271224021912
33,0.0007679133974894983,0.9297377389890177,0.7188946759259259,0.8285432755947113,0.6949152542372882,0.9211253139490644,0.49203648683552353,0.574929494835818,74.28056192398071
34,0.0007545207078751857,0.9203160824599089,0.7271412037037037,0.8025681525468826,0.7168494516450648,0.9229023715602022,0.49684356003325014,0.6016639456920487,74.4599301815033
35,0.0007408768370508577,0.9020831673233597,0.7230902777777778,0.7964943274855614,0.6829511465603191,0.9265621733649345,0.48817423115927416,0.5890946680173846,74.44500422477722
36,0.0007269952498697734,0.9046460511507811,0.7280092592592593,0.706886775791645,0.7567298105682951,0.9299963524993923,0.5413425971645702,0.5806760606526415,74.47152972221375
37,0.0007128896457825364,0.9063344708195439,0.7222222222222222,0.8512559160590172,0.6610169491525424,0.923288815098119,0.458221760531272,0.5287201110386122,74.47215247154236
38,0.0006985739453173903,0.8965993446332438,0.7319155092592593,0.7068297415971756,0.744765702891326,0.9338521312639515,0.5360426407084499,0.5974934658775408,74.22614526748657
39,0.0006840622763423391,0.884974029329088,0.7277199074074074,0.8362779319286346,0.6799601196410767,0.9208932308249133,0.4894174116231787,0.5947018148423302,74.27356886863708
40,0.0006693689601226458,0.8697114045973178,0.73046875,0.7666005119681358,0.6899302093718843,0.9221240674947417,0.4425247202748726,0.49509525013037897,74.16343188285828
41,0.0006545084971874737,0.8944273955292172,0.7281539351851852,0.6933450996875763,0.7507477567298105,0.9296422178917566,0.5093852531219866,0.5579117140007069,74.4151759147644
42,0.0006394955530196147,0.8623794902254034,0.7400173611111112,0.7130991369485855,0.7427716849451645,0.9339605558294376,0.5336550158031423,0.6088830657917309,74.33275818824768
43,0.0006243449435824273,0.8764163045971481,0.7290219907407407,0.9516776278614998,0.6510468594217348,0.9159023850475032,0.45046406130288,0.6062664986552574,74.64508843421936
44,0.0006090716206982714,0.8652878514042607,0.7316261574074074,0.6781308352947235,0.7607178464606181,0.9328927696123405,0.5465660621909507,0.5676568194132596,74.6600832939148
45,0.0005936906572928625,0.8553121542489087,0.7449363425925926,0.7821554243564606,0.6799601196410767,0.9285011475499997,0.46774841782221416,0.5243133767723932,74.42144107818604
46,0.0005782172325201156,0.843088134571358,0.7371238425925926,0.7661499604582787,0.7088733798604188,0.9276188906546018,0.5118216970146642,0.5620177868421428,74.52976202964783
47,0.0005626666167821523,0.8638837734858195,0.7371238425925926,0.7538561224937439,0.7377866400797607,0.9302103837499504,0.508558195659427,0.6099529866508788,74.80990743637085
48,0.0005470541566592572,0.8675882418950399,0.7353877314814815,0.8602624237537384,0.7038883349950149,0.9265843669280442,0.4965406545848762,0.6286255276887596,74.54104542732239
49,0.0005313952597646569,0.8616181435408415,0.7400173611111112,0.815250888466835,0.6859421734795613,0.9256259940465507,0.47840645242504987,0.5876642873129992,73.94677400588989
50,0.0005157053795390643,0.8271517985396915,0.7442129629629629,0.717414915561676,0.748753738783649,0.9281828520223375,0.5370347297183138,0.567177142118594,73.58084011077881
51,0.0005000000000000002,0.8279505383085322,0.7423321759259259,0.7266998738050461,0.752741774675972,0.9309026268456684,0.5429745818274468,0.594032397545278,73.5693907737732
52,0.00048429462046093607,0.8266998286600467,0.7488425925925926,0.7569615840911865,0.6879361914257228,0.9275610568016946,0.46778305750206445,0.5127902805888754,73.53859090805054
53,0.0004686047402353435,0.8160838495801996,0.7465277777777778,0.8098413273692131,0.6879361914257228,0.928806436872007,0.5028149409280946,0.5911386765016742,73.55507802963257
54,0.000452945843340743,0.8079125660437124,0.7486979166666666,0.7578396201133728,0.7188434695912264,0.9258500020954644,0.49902676711784766,0.5841855836001034,73.517005443573
55,0.00043733338321784806,0.807313800961883,0.7517361111111112,0.678715206682682,0.7726819541375872,0.9360757646097936,0.5748856521201613,0.6170519534688153,74.8931131362915
56,0.0004217827674798847,0.8055315492329774,0.7439236111111112,0.7076621726155281,0.7557328015952144,0.9345983298318787,0.5577758582832615,0.615561315912604,74.44971704483032
57,0.00040630934270713783,0.8024061675424929,0.7572337962962963,0.7022540271282196,0.7457627118644068,0.9328075905138098,0.5256386316825397,0.5782914597902888,74.33171200752258
58,0.000390928379301729,0.8112266792191399,0.7530381944444444,0.7628637030720711,0.7278165503489531,0.9308933124748259,0.5143024591223465,0.6251588823017393,74.49519920349121
59,0.0003756550564175727,0.8002665241559347,0.7495659722222222,0.686247743666172,0.7676969092721835,0.9339540795696216,0.5643391786319325,0.6065411527940802,74.3709487915039
60,0.00036050444698038553,0.7713452500325663,0.7565104166666666,0.7657039538025856,0.7308075772681955,0.9269909836539206,0.5257878370391695,0.5996685319870332,74.24004745483398
61,0.00034549150281252655,0.7806723493116873,0.7567997685185185,0.7013523019850254,0.7676969092721835,0.9345945448106201,0.5641041335711209,0.6106592217833435,74.4599461555481
62,0.0003306310398773544,0.7864315708478292,0.7523148148148148,0.7178480178117752,0.7417746759720838,0.936180122784908,0.5223155818772794,0.5630915985716922,74.2032241821289
63,0.00031593772365766127,0.792440629667706,0.7537615740740741,0.7017693296074867,0.7467597208374875,0.9376956107219104,0.5917836839655671,0.6578980885772455,74.17551302909851
64,0.0003014260546826097,0.7585918207963308,0.7549189814814815,0.6759888343513012,0.7607178464606181,0.9381429937810145,0.5791689784955966,0.62509015342739,74.45049476623535
65,0.0002871103542174637,0.7620513130117346,0.7611400462962963,0.7083590403199196,0.7437686939182453,0.930625184635168,0.5662483211430501,0.6132583168882934,74.63483572006226
66,0.0002730047501302267,0.772279213975977,0.7547743055555556,0.8018134906888008,0.7028913260219342,0.9272297709971239,0.5398526746312238,0.6279777177903643,74.18802452087402
67,0.00025912316294914234,0.7516688505808512,0.7667824074074074,0.6921202093362808,0.7437686939182453,0.9327556497515532,0.5741684669170148,0.591441548935694,74.27382254600525
68,0.0002454792921248144,0.7242348779130865,0.7669270833333334,0.6618591509759426,0.7686939182452642,0.939568809771939,0.5743728291338602,0.5974342091438111,74.22694110870361
69,0.00023208660251050164,0.7305529746744368,0.7657696759259259,0.726434201002121,0.744765702891326,0.9314932110199672,0.5408306252498337,0.6269324152228133,74.31324553489685
70,0.00021895831107393473,0.7285381875656269,0.7659143518518519,0.7291498109698296,0.7467597208374875,0.9334854163717118,0.5606482449422057,0.6450724086555468,74.3066987991333
71,0.00020610737385376356,0.713544343356733,0.7682291666666666,0.6918400041759014,0.7766699900299102,0.9355000424054442,0.5691268185813858,0.6109768588691306,74.48874974250793
72,0.00019354647317351177,0.7039242519272698,0.7771990740740741,0.6586893424391747,0.7676969092721835,0.9395667539687328,0.5724119246141924,0.583402796751743,74.3690881729126
73,0.0001812880051256552,0.7029075688785977,0.7776331018518519,0.7003360837697983,0.7537387836490529,0.9354416880593376,0.5603559670064794,0.5827633935362273,74.41101288795471
74,0.00016934406733817422,0.688786342188164,0.7825520833333334,0.7763214260339737,0.7148554336989033,0.9311555666730476,0.5203691903532873,0.5928087988977919,74.23022723197937
75,0.0001577264470356557,0.6804782853082374,0.7821180555555556,0.7288771197199821,0.7178464606181456,0.9369093368982865,0.5518335508794021,0.6107429102745262,74.40487694740295
76,0.00014644660940672634,0.6857733538857212,0.7802372685185185,0.6849389746785164,0.7367896311066799,0.9380126715954082,0.5784047772864958,0.6106940046050117,74.31351685523987
77,0.0001355156862892944,0.6731366603462784,0.7826967592592593,0.6838123723864555,0.7647058823529411,0.9372413779289924,0.5858980496189102,0.6349589878863883,74.50758123397827
78,0.00012494446518477025,0.6552880709921872,0.7909432870370371,0.6667269915342331,0.7507477567298105,0.9395715745094096,0.5892242405903828,0.6210965648904759,74.43057537078857
