epoch,lr,train_loss,train_acc,val_loss,val_acc,val_macro_auc,val_macro_f1,val_balanced_acc,epoch_seconds
1,2.9999999999999997e-05,1.419284253846854,0.6533203125,0.5264509527219666,0.8272251308900523,0.9196885968572958,0.34661189021172456,0.36477254418513816,70.15054726600647
2,0.00011999999999999998,1.101860818453133,0.6861572265625,0.39724887162446976,0.8795811518324608,0.9735848753617716,0.6080164790056193,0.6146237550043941,68.89572668075562
3,0.00020999999999999995,0.8399502211250365,0.745361328125,0.4676298557056321,0.8289703315881326,0.973411841245255,0.6145607551180305,0.7488475246557952,70.047527551651
4,0.0003,0.7349761750083417,0.7628173828125,0.31848034386833507,0.893542757417103,0.9817482196103128,0.6980320968378547,0.7526900449174885,70.00185322761536
5,0.0002997722274649974,0.608724273275584,0.8013916015625,0.351239372872644,0.8917975567190227,0.9815875093817772,0.6619535493362517,0.6911544893076847,69.12352800369263
6,0.0002990896015976924,0.5360704974737018,0.821044921875,0.32414918434288764,0.8883071553228621,0.9837230648528481,0.6725380095085631,0.7021049580119127,71.31938552856445
7,0.0002979541955104083,0.47508958843536675,0.8345947265625,0.3289505038410425,0.900523560209424,0.9811932607761931,0.7053635652412122,0.7292266380236304,68.89054322242737
8,0.00029636945739411525,0.416926717502065,0.8487548828125,0.36522729301618206,0.900523560209424,0.9776072109803243,0.6940830910619139,0.7205232643296552,69.94706344604492
9,0.00029434020004638747,0.37752275925595313,0.8594970703125,0.3383486310744451,0.8900523560209425,0.9814677907781911,0.61674971235339,0.6105080070305633,69.89551591873169
10,0.0002918725862550951,0.3540368564426899,0.8720703125,0.3068650619437297,0.8970331588132635,0.9800760663305962,0.6721603436446381,0.6785360316375354,78.47639226913452
11,0.00028897411008222014,0.3186459386488423,0.879638671875,0.3717048466981699,0.912739965095986,0.9783364164836744,0.6873237675352453,0.6632969192461673,69.46792578697205
12,0.0002856535741046365,0.3002779857488349,0.8878173828125,0.3492167451832857,0.9040139616055847,0.9807308040284891,0.6699956553049916,0.6677519285226053,68.96316361427307
13,0.00028192106268097323,0.2818592742551118,0.8953857421875,0.3687858022361373,0.912739965095986,0.983118711085153,0.6853071461582344,0.6425768357582268,69.20163989067078
14,0.00027778791132574896,0.2506595438462682,0.905029296875,0.3827479244209826,0.9092495636998255,0.9820477424605294,0.7325017343757494,0.751612330338834,68.89490056037903
15,0.0002732666722837867,0.2685298284050077,0.8988037109375,0.3829189498598377,0.900523560209424,0.9796071023872976,0.6938863226621804,0.7123692754613807,68.85590982437134
16,0.00026837107640945894,0.2240614417823963,0.9156494140625,0.39351154967314667,0.9057591623036649,0.9808166779483243,0.7142073667560033,0.7535128405429158,69.41316866874695
17,0.0002631159914665343,0.2078676699893549,0.9210205078125,0.3927283166493807,0.9022687609075044,0.9791241093691407,0.6756243091247677,0.6577472903036812,68.28337669372559
18,0.0002575173769752676,0.20054700403125025,0.920166015625,0.4455456781304545,0.8917975567190227,0.9781388042665566,0.6610044490656736,0.6830708060736256,69.32074522972107
19,0.0002515922357438611,0.19038837362313643,0.9278564453125,0.36073779557935065,0.912739965095986,0.9823503609542962,0.7221618613775477,0.714186541841617,68.4594407081604
20,0.00024535856223149513,0.1696351504942868,0.9356689453125,0.4080471736120267,0.9040139616055847,0.9798717024635616,0.696154220630853,0.6937261986134166,69.63659024238586
21,0.00023883528789974697,0.1650504479475785,0.93798828125,0.4178627526271157,0.900523560209424,0.9820649253298075,0.67797566261578,0.6698504784688994,68.91409134864807
22,0.00023204222371836397,0.15809084902866744,0.9395751953125,0.4676823385978221,0.9022687609075044,0.980455888309917,0.6787159554835165,0.6805932648178888,70.52383780479431
23,0.00022499999999999994,0.13828160232515074,0.947509765625,0.5079326205563525,0.9040139616055847,0.9761966405217412,0.68282294170037,0.6667790621033102,79.30533814430237
24,0.00021773000374663337,0.1516225253290031,0.9432373046875,0.479325025031964,0.9057591623036649,0.9759272757306574,0.7053560757409473,0.6819126550141588,68.42447185516357
25,0.00021025431369794538,0.12354425172088668,0.95068359375,0.42699761070091174,0.9092495636998255,0.9804805019568595,0.711097590473412,0.703810601991993,70.82332801818848
26,0.00020259563327891316,0.1271009262854932,0.9498291015625,0.43680243278180975,0.900523560209424,0.9801110450537205,0.680265056672918,0.6654571697099892,68.6692054271698
27,0.00019477722165025418,0.11777314287610352,0.9547119140625,0.4816607203748491,0.9075043630017452,0.977208892694626,0.6948094778713563,0.6630963162777073,70.2202718257904
28,0.00018682282307111987,0.11692631311598234,0.957275390625,0.4760144030555643,0.9040139616055847,0.9792456943327756,0.6994948253018686,0.6803516502294699,69.16910243034363
29,0.00017875659478856076,0.09998218437976902,0.9617919921875,0.5065703638627181,0.8970331588132635,0.977582805237871,0.6466116820692831,0.6035058832145298,69.73998546600342
30,0.0001706030336727612,0.10509135301981587,0.9625244140625,0.44348109229273786,0.9040139616055847,0.9807618777609388,0.7132334470990067,0.6813769407284446,70.33689093589783
31,0.00016238690182084986,0.08867467998061329,0.965576171875,0.5091050776310213,0.9057591623036649,0.9770185976631929,0.7121082161123401,0.6919741114149008,68.98294138908386
